"dataset","variant","strategy","metric","cluster_id","mean_jaccard","is_stable","n_bootstrap","n_failed_bootstrap"
"GISAID_US","Alpha","disjoint_2m","entropy",1,0.540223443223443,FALSE,100,0
"GISAID_US","Alpha","disjoint_2m","entropy",2,0.531217185592186,FALSE,100,0
"GISAID_US","Alpha","disjoint_2m","entropy",3,0.56812886996904,FALSE,100,0
"GISAID_US","Alpha","disjoint_2m","entropy",4,0.613457070707071,FALSE,100,0
"GISAID_US","Alpha","disjoint_2m","entropy",5,0.346688616938617,FALSE,100,0
"GISAID_US","Alpha","disjoint_2m","hellinger_T1",1,0.641470588235294,FALSE,100,0
"GISAID_US","Alpha","disjoint_2m","hellinger_T1",2,0.626666666666667,FALSE,100,0
"GISAID_US","Alpha","disjoint_2m","hellinger_Tpred",1,0.641764705882353,FALSE,100,0
"GISAID_US","Alpha","disjoint_2m","hellinger_Tpred",2,0.616666666666667,FALSE,100,0
"GISAID_US","Alpha","sliding_2m","entropy",1,0.497610022330611,FALSE,100,0
"GISAID_US","Alpha","sliding_2m","entropy",2,0.56224684898715,FALSE,100,0
"GISAID_US","Alpha","sliding_2m","entropy",3,0.537874447705717,FALSE,100,0
"GISAID_US","Alpha","sliding_2m","entropy",4,0.614487398566346,FALSE,100,0
"GISAID_US","Alpha","sliding_2m","hellinger_T1",1,0.634117647058824,FALSE,100,0
"GISAID_US","Alpha","sliding_2m","hellinger_T1",2,0.637777777777778,FALSE,100,0
"GISAID_US","Alpha","sliding_2m","hellinger_Tpred",1,0.642647058823529,FALSE,100,0
"GISAID_US","Alpha","sliding_2m","hellinger_Tpred",2,0.614555555555556,FALSE,100,0
"GISAID_US","Beta","cumulative_1m","entropy",1,0.503493657505285,FALSE,100,0
"GISAID_US","Beta","cumulative_1m","entropy",2,0.50744184981685,FALSE,100,0
"GISAID_US","Beta","cumulative_1m","hellinger_T1",1,0.52234468339307,FALSE,100,0
"GISAID_US","Beta","cumulative_1m","hellinger_T1",2,0.625274725274725,FALSE,100,0
"GISAID_US","Beta","cumulative_1m","hellinger_T1",3,0.566127539084582,FALSE,100,0
"GISAID_US","Beta","cumulative_1m","hellinger_T1",4,0.569222222222222,FALSE,100,0
"GISAID_US","Beta","cumulative_1m","hellinger_Tpred",1,0.606460968660969,FALSE,100,0
"GISAID_US","Beta","cumulative_1m","hellinger_Tpred",2,0.587321428571429,FALSE,100,0
"GISAID_US","Beta","cumulative_1m","hellinger_Tpred",3,0.587833333333333,FALSE,100,0
"GISAID_US","Beta","cumulative_1m","hellinger_Tpred",4,0.493936507936508,FALSE,100,0
"GISAID_US","Beta","disjoint_2m","entropy",1,0.553505952380952,FALSE,100,0
"GISAID_US","Beta","disjoint_2m","entropy",2,0.541349585921325,FALSE,100,0
"GISAID_US","Beta","disjoint_2m","entropy",3,0.587211954711955,FALSE,100,0
"GISAID_US","Beta","disjoint_2m","entropy",4,0.448202380952381,FALSE,100,0
"GISAID_US","Beta","disjoint_2m","entropy",5,0.554177045177045,FALSE,100,0
"GISAID_US","Beta","disjoint_2m","hellinger_T1",1,0.646650793650794,FALSE,100,0
"GISAID_US","Beta","disjoint_2m","hellinger_T1",2,0.618333333333333,FALSE,100,0
"GISAID_US","Beta","disjoint_2m","hellinger_Tpred",1,0.637142857142857,FALSE,100,0
"GISAID_US","Beta","disjoint_2m","hellinger_Tpred",2,0.643333333333333,FALSE,100,0
"GISAID_US","Beta","sliding_2m","entropy",1,0.442013603012055,FALSE,100,0
"GISAID_US","Beta","sliding_2m","entropy",2,0.545409910646181,FALSE,100,0
"GISAID_US","Beta","sliding_2m","entropy",3,0.541365571519983,FALSE,100,0
"GISAID_US","Beta","sliding_2m","entropy",4,0.570597993566536,FALSE,100,0
"GISAID_US","Beta","sliding_2m","hellinger_T1",1,0.633428571428571,FALSE,100,0
"GISAID_US","Beta","sliding_2m","hellinger_T1",2,0.637777777777778,FALSE,100,0
"GISAID_US","Beta","sliding_2m","hellinger_Tpred",1,0.626571428571429,FALSE,100,0
"GISAID_US","Beta","sliding_2m","hellinger_Tpred",2,0.648888888888889,FALSE,100,0
"GISAID_US","Delta","cumulative_1m","entropy",1,0.568461538461538,FALSE,100,0
"GISAID_US","Delta","cumulative_1m","entropy",2,0.644285714285714,FALSE,100,0
"GISAID_US","Delta","cumulative_1m","entropy",3,0.64,FALSE,100,0
"GISAID_US","Delta","cumulative_1m","entropy",4,0.61,FALSE,100,0
"GISAID_US","Delta","cumulative_1m","hellinger_T1",1,0.609,FALSE,100,0
"GISAID_US","Delta","cumulative_1m","hellinger_T1",2,0.644821428571429,FALSE,100,0
"GISAID_US","Delta","cumulative_1m","hellinger_T1",3,0.559090909090909,FALSE,100,0
"GISAID_US","Delta","cumulative_1m","hellinger_T1",4,0.621261904761905,FALSE,100,0
"GISAID_US","Delta","cumulative_1m","hellinger_Tpred",1,0.608166666666667,FALSE,100,0
"GISAID_US","Delta","cumulative_1m","hellinger_Tpred",2,0.644444444444444,FALSE,100,0
"GISAID_US","Delta","cumulative_1m","hellinger_Tpred",3,0.614,FALSE,100,0
"GISAID_US","Delta","disjoint_2m","entropy",1,0.637587292609351,FALSE,100,0
"GISAID_US","Delta","disjoint_2m","entropy",2,0.630808346624136,FALSE,100,0
"GISAID_US","Delta","disjoint_2m","hellinger_T1",1,0.648571428571429,FALSE,100,0
"GISAID_US","Delta","disjoint_2m","hellinger_T1",2,0.636666666666667,FALSE,100,0
"GISAID_US","Delta","disjoint_2m","hellinger_Tpred",1,0.627142857142857,FALSE,100,0
"GISAID_US","Delta","disjoint_2m","hellinger_Tpred",2,0.671111111111111,FALSE,100,0
"GISAID_US","Delta","sliding_2m","entropy",1,0.621246746674378,FALSE,100,0
"GISAID_US","Delta","sliding_2m","entropy",2,0.63774025974026,FALSE,100,0
"GISAID_US","Delta","sliding_2m","hellinger_T1",1,0.631428571428571,FALSE,100,0
"GISAID_US","Delta","sliding_2m","hellinger_T1",2,0.644444444444444,FALSE,100,0
"GISAID_US","Delta","sliding_2m","hellinger_Tpred",1,0.640714285714286,FALSE,100,0
"GISAID_US","Delta","sliding_2m","hellinger_Tpred",2,0.632222222222222,FALSE,100,0
"GISAID_US","Gamma","cumulative_1m","entropy",1,0.503102536997886,FALSE,100,0
"GISAID_US","Gamma","cumulative_1m","entropy",2,0.469722735597736,FALSE,100,0
"GISAID_US","Gamma","cumulative_1m","hellinger_T1",1,0.509167799612738,FALSE,100,0
"GISAID_US","Gamma","cumulative_1m","hellinger_T1",2,0.647252747252747,FALSE,100,0
"GISAID_US","Gamma","cumulative_1m","hellinger_T1",3,0.58170990851254,FALSE,100,0
"GISAID_US","Gamma","cumulative_1m","hellinger_T1",4,0.568630952380952,FALSE,100,0
"GISAID_US","Gamma","cumulative_1m","hellinger_Tpred",1,0.584615384615385,FALSE,100,0
"GISAID_US","Gamma","cumulative_1m","hellinger_Tpred",2,0.620892857142857,FALSE,100,0
"GISAID_US","Gamma","cumulative_1m","hellinger_Tpred",3,0.573212121212121,FALSE,100,0
"GISAID_US","Gamma","cumulative_1m","hellinger_Tpred",4,0.549630952380952,FALSE,100,0
"GISAID_US","Gamma","disjoint_2m","entropy",1,0.512616340530814,FALSE,100,0
"GISAID_US","Gamma","disjoint_2m","entropy",2,0.532732364012799,FALSE,100,0
"GISAID_US","Gamma","disjoint_2m","entropy",3,0.58093265430222,FALSE,100,0
"GISAID_US","Gamma","disjoint_2m","entropy",4,0.505845238095238,FALSE,100,0
"GISAID_US","Gamma","disjoint_2m","entropy",5,0.534108435681965,FALSE,100,0
"GISAID_US","Gamma","disjoint_2m","hellinger_T1",1,0.634571428571429,FALSE,100,0
"GISAID_US","Gamma","disjoint_2m","hellinger_T1",2,0.627777777777778,FALSE,100,0
"GISAID_US","Gamma","disjoint_2m","hellinger_Tpred",1,0.637142857142857,FALSE,100,0
"GISAID_US","Gamma","disjoint_2m","hellinger_Tpred",2,0.658888888888889,FALSE,100,0
"GISAID_US","Gamma","sliding_2m","entropy",1,0.496363483910311,FALSE,100,0
"GISAID_US","Gamma","sliding_2m","entropy",2,0.538533788057015,FALSE,100,0
"GISAID_US","Gamma","sliding_2m","entropy",3,0.525562550064165,FALSE,100,0
"GISAID_US","Gamma","sliding_2m","entropy",4,0.601626641687383,FALSE,100,0
"GISAID_US","Gamma","sliding_2m","hellinger_T1",1,0.641428571428571,FALSE,100,0
"GISAID_US","Gamma","sliding_2m","hellinger_T1",2,0.65,FALSE,100,0
"GISAID_US","Gamma","sliding_2m","hellinger_Tpred",1,0.618285714285714,FALSE,100,0
"GISAID_US","Gamma","sliding_2m","hellinger_Tpred",2,0.663333333333333,FALSE,100,0
"GISAID_US","Kappa","cumulative_1m","entropy",1,0.476442110177404,FALSE,100,0
"GISAID_US","Kappa","cumulative_1m","entropy",2,0.606103896103896,FALSE,100,0
"GISAID_US","Kappa","cumulative_1m","entropy",3,0.568262434432202,FALSE,100,0
"GISAID_US","Kappa","cumulative_1m","entropy",4,0.635489510489511,FALSE,100,0
"GISAID_US","Kappa","cumulative_1m","entropy",5,0.493412698412698,FALSE,100,0
"GISAID_US","Kappa","cumulative_1m","hellinger_T1",1,0.533935869366904,FALSE,100,0
"GISAID_US","Kappa","cumulative_1m","hellinger_T1",2,0.541428571428571,FALSE,100,0
"GISAID_US","Kappa","cumulative_1m","hellinger_T1",3,0.557774039428064,FALSE,100,0
"GISAID_US","Kappa","cumulative_1m","hellinger_T1",4,0.65,FALSE,100,0
"GISAID_US","Kappa","cumulative_1m","hellinger_Tpred",1,0.603067765567766,FALSE,100,0
"GISAID_US","Kappa","cumulative_1m","hellinger_Tpred",2,0.622410256410256,FALSE,100,0
"GISAID_US","Kappa","cumulative_1m","hellinger_Tpred",3,0.564304778554779,FALSE,100,0
"GISAID_US","Kappa","disjoint_2m","entropy",1,0.45042557279322,FALSE,100,0
"GISAID_US","Kappa","disjoint_2m","entropy",2,0.548377854220532,FALSE,100,0
"GISAID_US","Kappa","disjoint_2m","entropy",3,0.574678571428571,FALSE,100,0
"GISAID_US","Kappa","disjoint_2m","entropy",4,0.613406593406593,FALSE,100,0
"GISAID_US","Kappa","disjoint_2m","entropy",5,0.532202380952381,FALSE,100,0
"GISAID_US","Kappa","disjoint_2m","hellinger_T1",1,0.633888888888889,FALSE,100,0
"GISAID_US","Kappa","disjoint_2m","hellinger_T1",2,0.627888888888889,FALSE,100,0
"GISAID_US","Kappa","disjoint_2m","hellinger_Tpred",1,0.635833333333333,FALSE,100,0
"GISAID_US","Kappa","disjoint_2m","hellinger_Tpred",2,0.621111111111111,FALSE,100,0
"GISAID_US","Kappa","sliding_2m","entropy",1,0.476664637649932,FALSE,100,0
"GISAID_US","Kappa","sliding_2m","entropy",2,0.542222792653571,FALSE,100,0
"GISAID_US","Kappa","sliding_2m","entropy",3,0.536375999000999,FALSE,100,0
"GISAID_US","Kappa","sliding_2m","entropy",4,0.599724442224442,FALSE,100,0
"GISAID_US","Kappa","sliding_2m","entropy",5,0.539392857142857,FALSE,100,0
"GISAID_US","Kappa","sliding_2m","hellinger_T1",1,0.632380952380952,FALSE,100,0
"GISAID_US","Kappa","sliding_2m","hellinger_T1",2,0.597,FALSE,100,0
"GISAID_US","Kappa","sliding_2m","hellinger_Tpred",1,0.636944444444444,FALSE,100,0
"GISAID_US","Kappa","sliding_2m","hellinger_Tpred",2,0.653333333333333,FALSE,100,0
"GISAID_US","Lambda","cumulative_1m","entropy",1,0.509867048156522,FALSE,100,0
"GISAID_US","Lambda","cumulative_1m","entropy",2,0.660892857142857,FALSE,100,0
"GISAID_US","Lambda","cumulative_1m","entropy",3,0.594768786940614,FALSE,100,0
"GISAID_US","Lambda","cumulative_1m","entropy",4,0.571242424242424,FALSE,100,0
"GISAID_US","Lambda","cumulative_1m","entropy",5,0.483313492063492,FALSE,100,0
"GISAID_US","Lambda","cumulative_1m","hellinger_T1",1,0.508794927932859,FALSE,100,0
"GISAID_US","Lambda","cumulative_1m","hellinger_T1",2,0.551111111111111,FALSE,100,0
"GISAID_US","Lambda","cumulative_1m","hellinger_T1",3,0.576056075460487,FALSE,100,0
"GISAID_US","Lambda","cumulative_1m","hellinger_T1",4,0.64,FALSE,100,0
"GISAID_US","Lambda","cumulative_1m","hellinger_Tpred",1,0.612193732193732,FALSE,100,0
"GISAID_US","Lambda","cumulative_1m","hellinger_Tpred",2,0.602777777777778,FALSE,100,0
"GISAID_US","Lambda","cumulative_1m","hellinger_Tpred",3,0.578275058275058,FALSE,100,0
"GISAID_US","Lambda","disjoint_2m","entropy",1,0.483183886375063,FALSE,100,0
"GISAID_US","Lambda","disjoint_2m","entropy",2,0.534337390412791,FALSE,100,0
"GISAID_US","Lambda","disjoint_2m","entropy",3,0.566441558441558,FALSE,100,0
"GISAID_US","Lambda","disjoint_2m","entropy",4,0.618960345210345,FALSE,100,0
"GISAID_US","Lambda","disjoint_2m","entropy",5,0.557694444444444,FALSE,100,0
"GISAID_US","Lambda","disjoint_2m","hellinger_T1",1,0.637777777777778,FALSE,100,0
"GISAID_US","Lambda","disjoint_2m","hellinger_T1",2,0.629555555555556,FALSE,100,0
"GISAID_US","Lambda","disjoint_2m","hellinger_Tpred",1,0.625833333333333,FALSE,100,0
"GISAID_US","Lambda","disjoint_2m","hellinger_Tpred",2,0.675555555555556,FALSE,100,0
"GISAID_US","Lambda","sliding_2m","entropy",1,0.48275271559366,FALSE,100,0
"GISAID_US","Lambda","sliding_2m","entropy",2,0.528760198420954,FALSE,100,0
"GISAID_US","Lambda","sliding_2m","entropy",3,0.529042049840424,FALSE,100,0
"GISAID_US","Lambda","sliding_2m","entropy",4,0.626750582750583,FALSE,100,0
"GISAID_US","Lambda","sliding_2m","entropy",5,0.564690476190476,FALSE,100,0
"GISAID_US","Lambda","sliding_2m","hellinger_T1",1,0.630936507936508,FALSE,100,0
"GISAID_US","Lambda","sliding_2m","hellinger_T1",2,0.587,FALSE,100,0
"GISAID_US","Lambda","sliding_2m","hellinger_Tpred",1,0.646388888888889,FALSE,100,0
"GISAID_US","Lambda","sliding_2m","hellinger_Tpred",2,0.612222222222222,FALSE,100,0
"GISAID_US","Omicron","cumulative_1m","entropy",1,0.621141963109354,FALSE,100,0
"GISAID_US","Omicron","cumulative_1m","entropy",2,0.615153849890649,FALSE,100,0
"GISAID_US","Omicron","cumulative_1m","hellinger_T1",1,0.62175,FALSE,100,0
"GISAID_US","Omicron","cumulative_1m","hellinger_T1",2,0.651111111111111,FALSE,100,0
"GISAID_US","Omicron","cumulative_1m","hellinger_Tpred",1,0.63575,FALSE,100,0
"GISAID_US","Omicron","cumulative_1m","hellinger_Tpred",2,0.632222222222222,FALSE,100,0
"GISAID_US","Omicron","disjoint_2m","entropy",1,0.391240870956815,FALSE,100,0
"GISAID_US","Omicron","disjoint_2m","entropy",2,0.447558381161322,FALSE,100,0
"GISAID_US","Omicron","disjoint_2m","entropy",3,0.577182146057577,FALSE,100,0
"GISAID_US","Omicron","disjoint_2m","entropy",4,0.569327533577534,FALSE,100,0
"GISAID_US","Omicron","disjoint_2m","hellinger_T1",1,0.595041666666667,FALSE,100,0
"GISAID_US","Omicron","disjoint_2m","hellinger_T1",2,0.611611111111111,FALSE,100,0
"GISAID_US","Omicron","disjoint_2m","hellinger_T1",3,0.614415384615385,FALSE,100,0
"GISAID_US","Omicron","disjoint_2m","hellinger_T1",4,0.6485,FALSE,100,0
"GISAID_US","Omicron","disjoint_2m","hellinger_Tpred",1,0.596,FALSE,100,0
"GISAID_US","Omicron","disjoint_2m","hellinger_Tpred",2,0.604,FALSE,100,0
"GISAID_US","Omicron","disjoint_2m","hellinger_Tpred",3,0.631778779840849,FALSE,100,0
"GISAID_US","Omicron","disjoint_2m","hellinger_Tpred",4,0.611,FALSE,100,0
"GISAID_US","Omicron","sliding_2m","entropy",1,0.406368126670371,FALSE,100,0
"GISAID_US","Omicron","sliding_2m","entropy",2,0.596410870419491,FALSE,100,0
"GISAID_US","Omicron","sliding_2m","entropy",3,0.529567284023166,FALSE,100,0
"GISAID_US","Omicron","sliding_2m","entropy",4,0.434707560555387,FALSE,100,0
"GISAID_US","Omicron","sliding_2m","hellinger_T1",1,0.591044745484401,FALSE,100,0
"GISAID_US","Omicron","sliding_2m","hellinger_T1",2,0.610428571428571,FALSE,100,0
"GISAID_US","Omicron","sliding_2m","hellinger_T1",3,0.627784426847662,FALSE,100,0
"GISAID_US","Omicron","sliding_2m","hellinger_T1",4,0.619345238095238,FALSE,100,0
"GISAID_US","Omicron","sliding_2m","hellinger_Tpred",1,0.603666666666667,FALSE,100,0
"GISAID_US","Omicron","sliding_2m","hellinger_Tpred",2,0.623416666666667,FALSE,100,0
"GISAID_US","Omicron","sliding_2m","hellinger_Tpred",3,0.632016098014888,FALSE,100,0
"GISAID_US","Omicron","sliding_2m","hellinger_Tpred",4,0.611111111111111,FALSE,100,0
"GISAID_US","Theta","cumulative_1m","entropy",1,0.49931289640592,FALSE,100,0
"GISAID_US","Theta","cumulative_1m","entropy",2,0.490548132423132,FALSE,100,0
"GISAID_US","Theta","cumulative_1m","hellinger_T1",1,0.50106712962963,FALSE,100,0
"GISAID_US","Theta","cumulative_1m","hellinger_T1",2,0.628392857142857,FALSE,100,0
"GISAID_US","Theta","cumulative_1m","hellinger_T1",3,0.594533177348967,FALSE,100,0
"GISAID_US","Theta","cumulative_1m","hellinger_T1",4,0.484440476190476,FALSE,100,0
"GISAID_US","Theta","cumulative_1m","hellinger_Tpred",1,0.592879772079772,FALSE,100,0
"GISAID_US","Theta","cumulative_1m","hellinger_Tpred",2,0.625535714285714,FALSE,100,0
"GISAID_US","Theta","cumulative_1m","hellinger_Tpred",3,0.600454545454545,FALSE,100,0
"GISAID_US","Theta","cumulative_1m","hellinger_Tpred",4,0.522027777777778,FALSE,100,0
"GISAID_US","Theta","disjoint_2m","entropy",1,0.519094255417785,FALSE,100,0
"GISAID_US","Theta","disjoint_2m","entropy",2,0.559794137022398,FALSE,100,0
"GISAID_US","Theta","disjoint_2m","entropy",3,0.587235431235431,FALSE,100,0
"GISAID_US","Theta","disjoint_2m","entropy",4,0.467373015873016,FALSE,100,0
"GISAID_US","Theta","disjoint_2m","entropy",5,0.53219016522693,FALSE,100,0
"GISAID_US","Theta","disjoint_2m","hellinger_T1",1,0.633142857142857,FALSE,100,0
"GISAID_US","Theta","disjoint_2m","hellinger_T1",2,0.633888888888889,FALSE,100,0
"GISAID_US","Theta","disjoint_2m","hellinger_Tpred",1,0.645428571428571,FALSE,100,0
"GISAID_US","Theta","disjoint_2m","hellinger_Tpred",2,0.642222222222222,FALSE,100,0
"GISAID_US","Theta","sliding_2m","entropy",1,0.4923094528021,FALSE,100,0
"GISAID_US","Theta","sliding_2m","entropy",2,0.52849660584775,FALSE,100,0
"GISAID_US","Theta","sliding_2m","entropy",3,0.543437017231135,FALSE,100,0
"GISAID_US","Theta","sliding_2m","entropy",4,0.572170675042192,FALSE,100,0
"GISAID_US","Theta","sliding_2m","hellinger_T1",1,0.632,FALSE,100,0
"GISAID_US","Theta","sliding_2m","hellinger_T1",2,0.647777777777778,FALSE,100,0
"GISAID_US","Theta","sliding_2m","hellinger_Tpred",1,0.639714285714286,FALSE,100,0
"GISAID_US","Theta","sliding_2m","hellinger_Tpred",2,0.647777777777778,FALSE,100,0
"NCBI_US","Alpha","cumulative_1m","entropy",1,0.54375,FALSE,100,0
"NCBI_US","Alpha","cumulative_1m","entropy",2,0.62,FALSE,100,0
"NCBI_US","Alpha","cumulative_1m","hellinger_T1",1,0.558333333333333,FALSE,100,0
"NCBI_US","Alpha","cumulative_1m","hellinger_T1",2,0.7,FALSE,100,0
"NCBI_US","Alpha","cumulative_1m","hellinger_Tpred",1,0.569583333333333,FALSE,100,0
"NCBI_US","Alpha","cumulative_1m","hellinger_Tpred",2,0.65,FALSE,100,0
"NCBI_US","Alpha","disjoint_2m","entropy",1,0.561666666666667,FALSE,100,0
"NCBI_US","Alpha","disjoint_2m","entropy",2,0.439333333333333,FALSE,100,0
"NCBI_US","Alpha","disjoint_2m","hellinger_T1",1,0.552307692307692,FALSE,100,0
"NCBI_US","Alpha","disjoint_2m","hellinger_T1",2,0.647657342657343,FALSE,100,0
"NCBI_US","Alpha","disjoint_2m","hellinger_T1",3,0.65,FALSE,100,0
"NCBI_US","Alpha","disjoint_2m","hellinger_Tpred",1,0.64,FALSE,100,0
"NCBI_US","Alpha","disjoint_2m","hellinger_Tpred",2,0.64,FALSE,100,0
"NCBI_US","Alpha","sliding_2m","entropy",1,0.620428571428571,FALSE,100,0
"NCBI_US","Alpha","sliding_2m","entropy",2,0.565,FALSE,100,0
"NCBI_US","Alpha","sliding_2m","entropy",3,0.626,FALSE,100,0
"NCBI_US","Alpha","sliding_2m","entropy",4,0.598333333333333,FALSE,100,0
"NCBI_US","Alpha","sliding_2m","entropy",5,0.55,FALSE,100,0
"NCBI_US","Alpha","sliding_2m","entropy",6,0.65,FALSE,100,0
"NCBI_US","Alpha","sliding_2m","hellinger_T1",1,0.529010989010989,FALSE,100,0
"NCBI_US","Alpha","sliding_2m","hellinger_T1",2,0.613390572662632,FALSE,100,0
"NCBI_US","Alpha","sliding_2m","hellinger_T1",3,0.69,FALSE,100,0
"NCBI_US","Alpha","sliding_2m","hellinger_Tpred",1,0.531684981684982,FALSE,100,0
"NCBI_US","Alpha","sliding_2m","hellinger_Tpred",2,0.626946308593367,FALSE,100,0
"NCBI_US","Alpha","sliding_2m","hellinger_Tpred",3,0.69,FALSE,100,0
"NCBI_US","Beta","cumulative_1m","entropy",1,0.544583333333333,FALSE,100,0
"NCBI_US","Beta","cumulative_1m","entropy",2,0.66,FALSE,100,0
"NCBI_US","Beta","cumulative_1m","hellinger_T1",1,0.53875,FALSE,100,0
"NCBI_US","Beta","cumulative_1m","hellinger_T1",2,0.52,FALSE,100,0
"NCBI_US","Beta","cumulative_1m","hellinger_Tpred",1,0.635343567251462,FALSE,100,0
"NCBI_US","Beta","cumulative_1m","hellinger_Tpred",2,0.592242063492063,FALSE,100,0
"NCBI_US","Beta","disjoint_2m","entropy",1,0.54625,FALSE,100,0
"NCBI_US","Beta","disjoint_2m","entropy",2,0.499619047619048,FALSE,100,0
"NCBI_US","Beta","disjoint_2m","hellinger_T1",1,0.6205,FALSE,100,0
"NCBI_US","Beta","disjoint_2m","hellinger_T1",2,0.624,FALSE,100,0
"NCBI_US","Beta","disjoint_2m","hellinger_T1",3,0.589090909090909,FALSE,100,0
"NCBI_US","Beta","disjoint_2m","hellinger_T1",4,0.626666666666667,FALSE,100,0
"NCBI_US","Beta","disjoint_2m","hellinger_T1",5,0.565166666666667,FALSE,100,0
"NCBI_US","Beta","disjoint_2m","hellinger_T1",6,0.67,FALSE,100,0
"NCBI_US","Beta","disjoint_2m","hellinger_Tpred",1,0.607391025641026,FALSE,100,0
"NCBI_US","Beta","disjoint_2m","hellinger_Tpred",2,0.626964285714286,FALSE,100,0
"NCBI_US","Beta","disjoint_2m","hellinger_Tpred",3,0.637469405594406,FALSE,100,0
"NCBI_US","Beta","sliding_2m","entropy",1,0.599,FALSE,100,0
"NCBI_US","Beta","sliding_2m","entropy",2,0.57,FALSE,100,0
"NCBI_US","Beta","sliding_2m","entropy",3,0.652545454545455,FALSE,100,0
"NCBI_US","Beta","sliding_2m","entropy",4,0.588333333333333,FALSE,100,0
"NCBI_US","Beta","sliding_2m","entropy",5,0.566666666666667,FALSE,100,0
"NCBI_US","Beta","sliding_2m","entropy",6,0.61,FALSE,100,0
"NCBI_US","Beta","sliding_2m","hellinger_T1",1,0.508461538461539,FALSE,100,0
"NCBI_US","Beta","sliding_2m","hellinger_T1",2,0.627910755910756,FALSE,100,0
"NCBI_US","Beta","sliding_2m","hellinger_T1",3,0.63,FALSE,100,0
"NCBI_US","Beta","sliding_2m","hellinger_Tpred",1,0.634107142857143,FALSE,100,0
"NCBI_US","Beta","sliding_2m","hellinger_Tpred",2,0.624821428571429,FALSE,100,0
"NCBI_US","Beta","sliding_2m","hellinger_Tpred",3,0.642727272727273,FALSE,100,0
"NCBI_US","Delta","cumulative_1m","entropy",1,0.581833333333333,FALSE,100,0
"NCBI_US","Delta","cumulative_1m","entropy",2,0.604940476190476,FALSE,100,0
"NCBI_US","Delta","cumulative_1m","entropy",3,0.638791208791209,FALSE,100,0
"NCBI_US","Delta","cumulative_1m","hellinger_T1",1,0.644761904761905,FALSE,100,0
"NCBI_US","Delta","cumulative_1m","hellinger_T1",2,0.583642857142857,FALSE,100,0
"NCBI_US","Delta","cumulative_1m","hellinger_T1",3,0.609047619047619,FALSE,100,0
"NCBI_US","Delta","cumulative_1m","hellinger_Tpred",1,0.598442681458548,FALSE,100,0
"NCBI_US","Delta","cumulative_1m","hellinger_Tpred",2,0.537245614035088,FALSE,100,0
"NCBI_US","Delta","disjoint_2m","entropy",1,0.614,FALSE,100,0
"NCBI_US","Delta","disjoint_2m","entropy",2,0.6375,FALSE,100,0
"NCBI_US","Delta","disjoint_2m","entropy",3,0.631,FALSE,100,0
"NCBI_US","Delta","disjoint_2m","entropy",4,0.578333333333333,FALSE,100,0
"NCBI_US","Delta","disjoint_2m","entropy",5,0.595396825396825,FALSE,100,0
"NCBI_US","Delta","disjoint_2m","hellinger_T1",1,0.603333333333333,FALSE,100,0
"NCBI_US","Delta","disjoint_2m","hellinger_T1",2,0.62302380952381,FALSE,100,0
"NCBI_US","Delta","disjoint_2m","hellinger_T1",3,0.651818181818182,FALSE,100,0
"NCBI_US","Delta","disjoint_2m","hellinger_T1",4,0.622666666666667,FALSE,100,0
"NCBI_US","Delta","disjoint_2m","hellinger_Tpred",1,0.626666666666667,FALSE,100,0
"NCBI_US","Delta","disjoint_2m","hellinger_Tpred",2,0.632857142857143,FALSE,100,0
"NCBI_US","Delta","disjoint_2m","hellinger_Tpred",3,0.652727272727273,FALSE,100,0
"NCBI_US","Delta","sliding_2m","entropy",1,0.634,FALSE,100,0
"NCBI_US","Delta","sliding_2m","entropy",2,0.614,FALSE,100,0
"NCBI_US","Delta","sliding_2m","entropy",3,0.629,FALSE,100,0
"NCBI_US","Delta","sliding_2m","entropy",4,0.656666666666667,FALSE,100,0
"NCBI_US","Delta","sliding_2m","entropy",5,0.555833333333333,FALSE,100,0
"NCBI_US","Delta","sliding_2m","hellinger_T1",1,0.632564102564103,FALSE,100,0
"NCBI_US","Delta","sliding_2m","hellinger_T1",2,0.651122994652406,FALSE,100,0
"NCBI_US","Delta","sliding_2m","hellinger_Tpred",1,0.611190476190476,FALSE,100,0
"NCBI_US","Delta","sliding_2m","hellinger_Tpred",2,0.632321428571429,FALSE,100,0
"NCBI_US","Delta","sliding_2m","hellinger_Tpred",3,0.641818181818182,FALSE,100,0
"NCBI_US","Epsilon","disjoint_2m","entropy",1,0.5752,FALSE,100,0
"NCBI_US","Epsilon","disjoint_2m","entropy",2,0.71,FALSE,100,0
"NCBI_US","Epsilon","disjoint_2m","hellinger_T1",1,0.536,FALSE,100,0
"NCBI_US","Epsilon","disjoint_2m","hellinger_T1",2,0.57,FALSE,100,0
"NCBI_US","Epsilon","disjoint_2m","hellinger_Tpred",1,0.584,FALSE,100,0
"NCBI_US","Epsilon","disjoint_2m","hellinger_Tpred",2,0.67,FALSE,100,0
"NCBI_US","Epsilon","sliding_2m","entropy",1,0.5632,FALSE,100,0
"NCBI_US","Epsilon","sliding_2m","entropy",2,0.64,FALSE,100,0
"NCBI_US","Epsilon","sliding_2m","hellinger_T1",1,0.574,FALSE,100,0
"NCBI_US","Epsilon","sliding_2m","hellinger_T1",2,0.7,FALSE,100,0
"NCBI_US","Epsilon","sliding_2m","hellinger_Tpred",1,0.5624,FALSE,100,0
"NCBI_US","Epsilon","sliding_2m","hellinger_Tpred",2,0.58,FALSE,100,0
"NCBI_US","Eta","disjoint_2m","entropy",1,0.56125,FALSE,100,0
"NCBI_US","Eta","disjoint_2m","entropy",2,0.571666666666667,FALSE,100,0
"NCBI_US","Eta","disjoint_2m","hellinger_T1",1,0.565,FALSE,100,0
"NCBI_US","Eta","disjoint_2m","hellinger_T1",2,0.67,FALSE,100,0
"NCBI_US","Eta","disjoint_2m","hellinger_Tpred",1,0.478815449256626,FALSE,100,0
"NCBI_US","Eta","disjoint_2m","hellinger_Tpred",2,0.599347932296462,FALSE,100,0
"NCBI_US","Eta","disjoint_2m","hellinger_Tpred",3,0.66,FALSE,100,0
"NCBI_US","Eta","sliding_2m","entropy",1,0.590416666666667,FALSE,100,0
"NCBI_US","Eta","sliding_2m","entropy",2,0.705,FALSE,100,0
"NCBI_US","Eta","sliding_2m","hellinger_T1",1,0.568333333333333,FALSE,100,0
"NCBI_US","Eta","sliding_2m","hellinger_T1",2,0.66,FALSE,100,0
"NCBI_US","Eta","sliding_2m","hellinger_Tpred",1,0.6055,FALSE,100,0
"NCBI_US","Eta","sliding_2m","hellinger_Tpred",2,0.612333333333333,FALSE,100,0
"NCBI_US","Eta","sliding_2m","hellinger_Tpred",3,0.606363636363636,FALSE,100,0
"NCBI_US","Eta","sliding_2m","hellinger_Tpred",4,0.586666666666667,FALSE,100,0
"NCBI_US","Eta","sliding_2m","hellinger_Tpred",5,0.624166666666667,FALSE,100,0
"NCBI_US","Eta","sliding_2m","hellinger_Tpred",6,0.69,FALSE,100,0
"NCBI_US","Gamma","cumulative_1m","entropy",1,0.544583333333333,FALSE,100,0
"NCBI_US","Gamma","cumulative_1m","entropy",2,0.65,FALSE,100,0
"NCBI_US","Gamma","cumulative_1m","hellinger_T1",1,0.565,FALSE,100,0
"NCBI_US","Gamma","cumulative_1m","hellinger_T1",2,0.692,FALSE,100,0
"NCBI_US","Gamma","cumulative_1m","hellinger_Tpred",1,0.621784996087056,FALSE,100,0
"NCBI_US","Gamma","cumulative_1m","hellinger_Tpred",2,0.603885737628385,FALSE,100,0
"NCBI_US","Gamma","disjoint_2m","entropy",1,0.557083333333333,FALSE,100,0
"NCBI_US","Gamma","disjoint_2m","entropy",2,0.500833333333333,FALSE,100,0
"NCBI_US","Gamma","disjoint_2m","hellinger_T1",1,0.597833333333333,FALSE,100,0
"NCBI_US","Gamma","disjoint_2m","hellinger_T1",2,0.559,FALSE,100,0
"NCBI_US","Gamma","disjoint_2m","hellinger_T1",3,0.583636363636364,FALSE,100,0
"NCBI_US","Gamma","disjoint_2m","hellinger_T1",4,0.593333333333333,FALSE,100,0
"NCBI_US","Gamma","disjoint_2m","hellinger_T1",5,0.566166666666667,FALSE,100,0
"NCBI_US","Gamma","disjoint_2m","hellinger_T1",6,0.67,FALSE,100,0
"NCBI_US","Gamma","disjoint_2m","hellinger_Tpred",1,0.565687187812188,FALSE,100,0
"NCBI_US","Gamma","disjoint_2m","hellinger_Tpred",2,0.622857142857143,FALSE,100,0
"NCBI_US","Gamma","disjoint_2m","hellinger_Tpred",3,0.627724317349317,FALSE,100,0
"NCBI_US","Gamma","sliding_2m","entropy",1,0.619666666666667,FALSE,100,0
"NCBI_US","Gamma","sliding_2m","entropy",2,0.587,FALSE,100,0
"NCBI_US","Gamma","sliding_2m","entropy",3,0.651636363636364,FALSE,100,0
"NCBI_US","Gamma","sliding_2m","entropy",4,0.628333333333333,FALSE,100,0
"NCBI_US","Gamma","sliding_2m","entropy",5,0.54,FALSE,100,0
"NCBI_US","Gamma","sliding_2m","entropy",6,0.65,FALSE,100,0
"NCBI_US","Gamma","sliding_2m","hellinger_T1",1,0.550323886639676,FALSE,100,0
"NCBI_US","Gamma","sliding_2m","hellinger_T1",2,0.62092957042957,FALSE,100,0
"NCBI_US","Gamma","sliding_2m","hellinger_T1",3,0.68,FALSE,100,0
"NCBI_US","Gamma","sliding_2m","hellinger_Tpred",1,0.617678571428571,FALSE,100,0
"NCBI_US","Gamma","sliding_2m","hellinger_Tpred",2,0.579325396825397,FALSE,100,0
"NCBI_US","Gamma","sliding_2m","hellinger_Tpred",3,0.661818181818182,FALSE,100,0
"NCBI_US","Iota","disjoint_2m","entropy",1,0.55375,FALSE,100,0
"NCBI_US","Iota","disjoint_2m","entropy",2,0.569166666666667,FALSE,100,0
"NCBI_US","Iota","disjoint_2m","hellinger_T1",1,0.565416666666667,FALSE,100,0
"NCBI_US","Iota","disjoint_2m","hellinger_T1",2,0.63,FALSE,100,0
"NCBI_US","Iota","disjoint_2m","hellinger_Tpred",1,0.442676351512265,FALSE,100,0
"NCBI_US","Iota","disjoint_2m","hellinger_Tpred",2,0.597571358380182,FALSE,100,0
"NCBI_US","Iota","disjoint_2m","hellinger_Tpred",3,0.61,FALSE,100,0
"NCBI_US","Iota","sliding_2m","entropy",1,0.570833333333333,FALSE,100,0
"NCBI_US","Iota","sliding_2m","entropy",2,0.606666666666667,FALSE,100,0
"NCBI_US","Iota","sliding_2m","hellinger_T1",1,0.557916666666667,FALSE,100,0
"NCBI_US","Iota","sliding_2m","hellinger_T1",2,0.63,FALSE,100,0
"NCBI_US","Iota","sliding_2m","hellinger_Tpred",1,0.6305,FALSE,100,0
"NCBI_US","Iota","sliding_2m","hellinger_Tpred",2,0.55452380952381,FALSE,100,0
"NCBI_US","Iota","sliding_2m","hellinger_Tpred",3,0.576363636363636,FALSE,100,0
"NCBI_US","Iota","sliding_2m","hellinger_Tpred",4,0.524166666666667,FALSE,100,0
"NCBI_US","Iota","sliding_2m","hellinger_Tpred",5,0.634666666666667,FALSE,100,0
"NCBI_US","Iota","sliding_2m","hellinger_Tpred",6,0.66,FALSE,100,0
"NCBI_US","Kappa","cumulative_1m","entropy",1,0.523333333333333,FALSE,100,0
"NCBI_US","Kappa","cumulative_1m","entropy",2,0.575,FALSE,100,0
"NCBI_US","Kappa","cumulative_1m","entropy",3,0.605659340659341,FALSE,100,0
"NCBI_US","Kappa","cumulative_1m","entropy",4,0.620833333333333,FALSE,100,0
"NCBI_US","Kappa","cumulative_1m","hellinger_T1",1,0.625714285714286,FALSE,100,0
"NCBI_US","Kappa","cumulative_1m","hellinger_T1",2,0.596666666666667,FALSE,100,0
"NCBI_US","Kappa","cumulative_1m","hellinger_T1",3,0.62532967032967,FALSE,100,0
"NCBI_US","Kappa","cumulative_1m","hellinger_Tpred",1,0.599726112877715,FALSE,100,0
"NCBI_US","Kappa","cumulative_1m","hellinger_Tpred",2,0.619771062271062,FALSE,100,0
"NCBI_US","Kappa","disjoint_2m","entropy",1,0.572,FALSE,100,0
"NCBI_US","Kappa","disjoint_2m","entropy",2,0.506666666666667,FALSE,100,0
"NCBI_US","Kappa","disjoint_2m","entropy",3,0.634,FALSE,100,0
"NCBI_US","Kappa","disjoint_2m","entropy",4,0.53,FALSE,100,0
"NCBI_US","Kappa","disjoint_2m","entropy",5,0.635833333333333,FALSE,100,0
"NCBI_US","Kappa","disjoint_2m","entropy",6,0.7,FALSE,100,0
"NCBI_US","Kappa","disjoint_2m","hellinger_T1",1,0.626923076923077,FALSE,100,0
"NCBI_US","Kappa","disjoint_2m","hellinger_T1",2,0.642727272727273,FALSE,100,0
"NCBI_US","Kappa","disjoint_2m","hellinger_Tpred",1,0.581928571428571,FALSE,100,0
"NCBI_US","Kappa","disjoint_2m","hellinger_Tpred",2,0.563464285714286,FALSE,100,0
"NCBI_US","Kappa","disjoint_2m","hellinger_Tpred",3,0.667272727272727,FALSE,100,0
"NCBI_US","Kappa","sliding_2m","entropy",1,0.607428571428571,FALSE,100,0
"NCBI_US","Kappa","sliding_2m","entropy",2,0.6175,FALSE,100,0
"NCBI_US","Kappa","sliding_2m","entropy",3,0.653,FALSE,100,0
"NCBI_US","Kappa","sliding_2m","entropy",4,0.666666666666667,FALSE,100,0
"NCBI_US","Kappa","sliding_2m","entropy",5,0.573333333333333,FALSE,100,0
"NCBI_US","Kappa","sliding_2m","hellinger_T1",1,0.639230769230769,FALSE,100,0
"NCBI_US","Kappa","sliding_2m","hellinger_T1",2,0.633376623376623,FALSE,100,0
"NCBI_US","Kappa","sliding_2m","hellinger_Tpred",1,0.559607769423559,FALSE,100,0
"NCBI_US","Kappa","sliding_2m","hellinger_Tpred",2,0.608296222911935,FALSE,100,0
"NCBI_US","Lambda","cumulative_1m","entropy",1,0.534166666666667,FALSE,100,0
"NCBI_US","Lambda","cumulative_1m","entropy",2,0.594166666666667,FALSE,100,0
"NCBI_US","Lambda","cumulative_1m","entropy",3,0.595384615384615,FALSE,100,0
"NCBI_US","Lambda","cumulative_1m","entropy",4,0.608166666666667,FALSE,100,0
"NCBI_US","Lambda","cumulative_1m","hellinger_T1",1,0.590944444444444,FALSE,100,0
"NCBI_US","Lambda","cumulative_1m","hellinger_T1",2,0.636666666666667,FALSE,100,0
"NCBI_US","Lambda","cumulative_1m","hellinger_T1",3,0.614869505494505,FALSE,100,0
"NCBI_US","Lambda","cumulative_1m","hellinger_Tpred",1,0.612620526943181,FALSE,100,0
"NCBI_US","Lambda","cumulative_1m","hellinger_Tpred",2,0.563034188034188,FALSE,100,0
"NCBI_US","Lambda","disjoint_2m","entropy",1,0.548,FALSE,100,0
"NCBI_US","Lambda","disjoint_2m","entropy",2,0.503333333333333,FALSE,100,0
"NCBI_US","Lambda","disjoint_2m","entropy",3,0.62,FALSE,100,0
"NCBI_US","Lambda","disjoint_2m","entropy",4,0.581666666666667,FALSE,100,0
"NCBI_US","Lambda","disjoint_2m","entropy",5,0.608333333333333,FALSE,100,0
"NCBI_US","Lambda","disjoint_2m","entropy",6,0.625,FALSE,100,0
"NCBI_US","Lambda","disjoint_2m","hellinger_T1",1,0.643846153846154,FALSE,100,0
"NCBI_US","Lambda","disjoint_2m","hellinger_T1",2,0.640979020979021,FALSE,100,0
"NCBI_US","Lambda","disjoint_2m","hellinger_Tpred",1,0.591607142857143,FALSE,100,0
"NCBI_US","Lambda","disjoint_2m","hellinger_Tpred",2,0.573,FALSE,100,0
"NCBI_US","Lambda","disjoint_2m","hellinger_Tpred",3,0.652727272727273,FALSE,100,0
"NCBI_US","Lambda","sliding_2m","entropy",1,0.633095238095238,FALSE,100,0
"NCBI_US","Lambda","sliding_2m","entropy",2,0.576,FALSE,100,0
"NCBI_US","Lambda","sliding_2m","entropy",3,0.656,FALSE,100,0
"NCBI_US","Lambda","sliding_2m","entropy",4,0.685,FALSE,100,0
"NCBI_US","Lambda","sliding_2m","entropy",5,0.538333333333333,FALSE,100,0
"NCBI_US","Lambda","sliding_2m","hellinger_T1",1,0.635384615384615,FALSE,100,0
"NCBI_US","Lambda","sliding_2m","hellinger_T1",2,0.656844919786096,FALSE,100,0
"NCBI_US","Lambda","sliding_2m","hellinger_Tpred",1,0.546821104420176,FALSE,100,0
"NCBI_US","Lambda","sliding_2m","hellinger_Tpred",2,0.580032363877952,FALSE,100,0
"NCBI_US","Theta","cumulative_1m","entropy",1,0.545416666666667,FALSE,100,0
"NCBI_US","Theta","cumulative_1m","entropy",2,0.63,FALSE,100,0
"NCBI_US","Theta","cumulative_1m","hellinger_T1",1,0.540833333333333,FALSE,100,0
"NCBI_US","Theta","cumulative_1m","hellinger_T1",2,0.595,FALSE,100,0
"NCBI_US","Theta","cumulative_1m","hellinger_Tpred",1,0.629660514923673,FALSE,100,0
"NCBI_US","Theta","cumulative_1m","hellinger_Tpred",2,0.602589285714286,FALSE,100,0
"NCBI_US","Theta","disjoint_2m","entropy",1,0.569583333333333,FALSE,100,0
"NCBI_US","Theta","disjoint_2m","entropy",2,0.582,FALSE,100,0
"NCBI_US","Theta","disjoint_2m","hellinger_T1",1,0.6245,FALSE,100,0
"NCBI_US","Theta","disjoint_2m","hellinger_T1",2,0.5945,FALSE,100,0
"NCBI_US","Theta","disjoint_2m","hellinger_T1",3,0.568181818181818,FALSE,100,0
"NCBI_US","Theta","disjoint_2m","hellinger_T1",4,0.588333333333333,FALSE,100,0
"NCBI_US","Theta","disjoint_2m","hellinger_T1",5,0.574428571428571,FALSE,100,0
"NCBI_US","Theta","disjoint_2m","hellinger_T1",6,0.68,FALSE,100,0
"NCBI_US","Theta","disjoint_2m","hellinger_Tpred",1,0.614382201132201,FALSE,100,0
"NCBI_US","Theta","disjoint_2m","hellinger_Tpred",2,0.602321428571429,FALSE,100,0
"NCBI_US","Theta","disjoint_2m","hellinger_Tpred",3,0.622943434016963,FALSE,100,0
"NCBI_US","Theta","sliding_2m","entropy",1,0.624,FALSE,100,0
"NCBI_US","Theta","sliding_2m","entropy",2,0.5775,FALSE,100,0
"NCBI_US","Theta","sliding_2m","entropy",3,0.654636363636364,FALSE,100,0
"NCBI_US","Theta","sliding_2m","entropy",4,0.603333333333333,FALSE,100,0
"NCBI_US","Theta","sliding_2m","entropy",5,0.5425,FALSE,100,0
"NCBI_US","Theta","sliding_2m","entropy",6,0.69,FALSE,100,0
"NCBI_US","Theta","sliding_2m","hellinger_T1",1,0.530961538461538,FALSE,100,0
"NCBI_US","Theta","sliding_2m","hellinger_T1",2,0.641160714285714,FALSE,100,0
"NCBI_US","Theta","sliding_2m","hellinger_T1",3,0.62,FALSE,100,0
"NCBI_US","Theta","sliding_2m","hellinger_Tpred",1,0.634662698412698,FALSE,100,0
"NCBI_US","Theta","sliding_2m","hellinger_Tpred",2,0.643095238095238,FALSE,100,0
"NCBI_US","Theta","sliding_2m","hellinger_Tpred",3,0.650909090909091,FALSE,100,0
"NCBI_US","Zeta","disjoint_2m","entropy",1,0.559166666666667,FALSE,100,0
"NCBI_US","Zeta","disjoint_2m","entropy",2,0.6,FALSE,100,0
"NCBI_US","Zeta","disjoint_2m","hellinger_T1",1,0.58,FALSE,100,0
"NCBI_US","Zeta","disjoint_2m","hellinger_T1",2,0.64,FALSE,100,0
"NCBI_US","Zeta","disjoint_2m","hellinger_Tpred",1,0.570833333333333,FALSE,100,0
"NCBI_US","Zeta","disjoint_2m","hellinger_Tpred",2,0.67,FALSE,100,0
"NCBI_US","Zeta","sliding_2m","entropy",1,0.58875,FALSE,100,0
"NCBI_US","Zeta","sliding_2m","entropy",2,0.72,FALSE,100,0
"NCBI_US","Zeta","sliding_2m","hellinger_T1",1,0.564166666666667,FALSE,100,0
"NCBI_US","Zeta","sliding_2m","hellinger_T1",2,0.67,FALSE,100,0
"NCBI_US","Zeta","sliding_2m","hellinger_Tpred",1,0.5525,FALSE,100,0
"NCBI_US","Zeta","sliding_2m","hellinger_Tpred",2,0.6,FALSE,100,0
