"dataset","variant","strategy","metric","cell_status","cell_status_reason","predecessor_name","n_class1_sites","gmm_G","gmm_modelName","n_bins","n_frames","k_selected","silhouette_mean","metric_status","convergence_first_snp","convergence_first_mut","convergence_first_class1","walltime_s"
"GISAID_US","Alpha","cumulative_1m","entropy","underpowered_bin","1 / 20 bins have < 30 seqs (worst = 6).","D614G",43,11,"V",20,0,NA,NA,NA,NA,NA,NA,7.69501113891602
"GISAID_US","Alpha","cumulative_1m","hellinger_T1","underpowered_bin","1 / 20 bins have < 30 seqs (worst = 6).","D614G",43,11,"V",20,0,NA,NA,NA,NA,NA,NA,7.69501113891602
"GISAID_US","Alpha","cumulative_1m","hellinger_Tpred","underpowered_bin","1 / 20 bins have < 30 seqs (worst = 6).","D614G",43,11,"V",20,0,NA,NA,NA,NA,NA,NA,7.69501113891602
"GISAID_US","Alpha","disjoint_2m","entropy","ok",NA,"D614G",43,11,"V",10,6,5,0.416715301487559,"ok",3,4,NA,4267.46276569366
"GISAID_US","Alpha","disjoint_2m","hellinger_T1","ok",NA,"D614G",43,11,"V",10,6,2,0.635799606630825,"ok",3,3,3,4267.46276569366
"GISAID_US","Alpha","disjoint_2m","hellinger_Tpred","ok",NA,"D614G",43,11,"V",10,6,2,0.639322775920541,"ok",3,3,3,4267.46276569366
"GISAID_US","Alpha","sliding_2m","entropy","ok",NA,"D614G",43,11,"V",19,15,4,0.367869302561309,"ok",3,3,3,28602.3708174229
"GISAID_US","Alpha","sliding_2m","hellinger_T1","ok",NA,"D614G",43,11,"V",19,15,2,0.60067397536599,"ok",5,3,3,28602.3708174229
"GISAID_US","Alpha","sliding_2m","hellinger_Tpred","ok",NA,"D614G",43,11,"V",19,15,2,0.609805066284157,"ok",3,3,3,28602.3708174229
"GISAID_US","Beta","cumulative_1m","entropy","ok",NA,"Alpha",44,7,"V",20,16,2,0.45515626524186,"ok",4,3,4,7898.57077002525
"GISAID_US","Beta","cumulative_1m","hellinger_T1","ok",NA,"Alpha",44,7,"V",20,16,4,0.574953512080971,"ok",10,3,4,7898.57077002525
"GISAID_US","Beta","cumulative_1m","hellinger_Tpred","ok",NA,"Alpha",44,7,"V",20,16,4,0.589316004328673,"ok",4,3,4,7898.57077002525
"GISAID_US","Beta","disjoint_2m","entropy","ok",NA,"Alpha",44,7,"V",10,6,5,0.401847239097204,"ok",4,3,6,3980.09116792679
"GISAID_US","Beta","disjoint_2m","hellinger_T1","ok",NA,"Alpha",44,7,"V",10,6,2,0.667709998494719,"ok",4,3,5,3980.09116792679
"GISAID_US","Beta","disjoint_2m","hellinger_Tpred","ok",NA,"Alpha",44,7,"V",10,6,2,0.671721689223066,"ok",4,3,5,3980.09116792679
"GISAID_US","Beta","sliding_2m","entropy","ok",NA,"Alpha",44,7,"V",19,15,4,0.370512037105984,"ok",4,4,4,21552.8294661045
"GISAID_US","Beta","sliding_2m","hellinger_T1","ok",NA,"Alpha",44,7,"V",19,15,2,0.65627483738923,"ok",9,3,4,21552.8294661045
"GISAID_US","Beta","sliding_2m","hellinger_Tpred","ok",NA,"Alpha",44,7,"V",19,15,2,0.661918250172495,"ok",9,3,4,21552.8294661045
"GISAID_US","Delta","cumulative_1m","entropy","ok",NA,"Beta",23,11,"V",20,16,4,0.501949638764188,"ok",3,3,3,6864.36218833923
"GISAID_US","Delta","cumulative_1m","hellinger_T1","ok",NA,"Beta",23,11,"V",20,16,4,0.580291944957874,"ok",3,3,3,6864.36218833923
"GISAID_US","Delta","cumulative_1m","hellinger_Tpred","ok",NA,"Beta",23,11,"V",20,16,3,0.616388440971711,"ok",3,3,3,6864.36218833923
"GISAID_US","Delta","disjoint_2m","entropy","ok",NA,"Beta",23,11,"V",10,6,2,0.406592494661827,"ok",3,NA,NA,1695.52169537544
"GISAID_US","Delta","disjoint_2m","hellinger_T1","ok",NA,"Beta",23,11,"V",10,6,2,0.685270695665943,"ok",3,4,4,1695.52169537544
"GISAID_US","Delta","disjoint_2m","hellinger_Tpred","ok",NA,"Beta",23,11,"V",10,6,2,0.706696179031695,"ok",3,4,4,1695.52169537544
"GISAID_US","Delta","sliding_2m","entropy","ok",NA,"Beta",23,11,"V",19,15,2,0.430012937278662,"ok",3,3,3,13290.5368127823
"GISAID_US","Delta","sliding_2m","hellinger_T1","ok",NA,"Beta",23,11,"V",19,15,2,0.685155843178422,"ok",3,3,3,13290.5368127823
"GISAID_US","Delta","sliding_2m","hellinger_Tpred","ok",NA,"Beta",23,11,"V",19,15,2,0.695609489755119,"ok",3,3,3,13290.5368127823
"GISAID_US","Epsilon","cumulative_1m","entropy","underpowered_bin","2 / 16 bins have < 30 seqs (worst = 2).","D614G",40,12,"V",16,0,NA,NA,NA,NA,NA,NA,4.07338929176331
"GISAID_US","Epsilon","cumulative_1m","hellinger_T1","underpowered_bin","2 / 16 bins have < 30 seqs (worst = 2).","D614G",40,12,"V",16,0,NA,NA,NA,NA,NA,NA,4.07338929176331
"GISAID_US","Epsilon","cumulative_1m","hellinger_Tpred","underpowered_bin","2 / 16 bins have < 30 seqs (worst = 2).","D614G",40,12,"V",16,0,NA,NA,NA,NA,NA,NA,4.07338929176331
"GISAID_US","Epsilon","disjoint_2m","entropy","underpowered_bin","1 / 8 bins have < 30 seqs (worst = 8).","D614G",40,12,"V",8,0,NA,NA,NA,NA,NA,NA,3.45560836791992
"GISAID_US","Epsilon","disjoint_2m","hellinger_T1","underpowered_bin","1 / 8 bins have < 30 seqs (worst = 8).","D614G",40,12,"V",8,0,NA,NA,NA,NA,NA,NA,3.45560836791992
"GISAID_US","Epsilon","disjoint_2m","hellinger_Tpred","underpowered_bin","1 / 8 bins have < 30 seqs (worst = 8).","D614G",40,12,"V",8,0,NA,NA,NA,NA,NA,NA,3.45560836791992
"GISAID_US","Epsilon","sliding_2m","entropy","underpowered_bin","1 / 15 bins have < 30 seqs (worst = 8).","D614G",40,12,"V",15,0,NA,NA,NA,NA,NA,NA,3.51719927787781
"GISAID_US","Epsilon","sliding_2m","hellinger_T1","underpowered_bin","1 / 15 bins have < 30 seqs (worst = 8).","D614G",40,12,"V",15,0,NA,NA,NA,NA,NA,NA,3.51719927787781
"GISAID_US","Epsilon","sliding_2m","hellinger_Tpred","underpowered_bin","1 / 15 bins have < 30 seqs (worst = 8).","D614G",40,12,"V",15,0,NA,NA,NA,NA,NA,NA,3.51719927787781
"GISAID_US","Eta","cumulative_1m","entropy","underpowered_bin","2 / 20 bins have < 30 seqs (worst = 2).","D614G",44,11,"V",20,0,NA,NA,NA,NA,NA,NA,5.94240641593933
"GISAID_US","Eta","cumulative_1m","hellinger_T1","underpowered_bin","2 / 20 bins have < 30 seqs (worst = 2).","D614G",44,11,"V",20,0,NA,NA,NA,NA,NA,NA,5.94240641593933
"GISAID_US","Eta","cumulative_1m","hellinger_Tpred","underpowered_bin","2 / 20 bins have < 30 seqs (worst = 2).","D614G",44,11,"V",20,0,NA,NA,NA,NA,NA,NA,5.94240641593933
"GISAID_US","Eta","disjoint_2m","entropy","underpowered_bin","1 / 10 bins have < 30 seqs (worst = 8).","D614G",44,11,"V",10,0,NA,NA,NA,NA,NA,NA,4.82713532447815
"GISAID_US","Eta","disjoint_2m","hellinger_T1","underpowered_bin","1 / 10 bins have < 30 seqs (worst = 8).","D614G",44,11,"V",10,0,NA,NA,NA,NA,NA,NA,4.82713532447815
"GISAID_US","Eta","disjoint_2m","hellinger_Tpred","underpowered_bin","1 / 10 bins have < 30 seqs (worst = 8).","D614G",44,11,"V",10,0,NA,NA,NA,NA,NA,NA,4.82713532447815
"GISAID_US","Eta","sliding_2m","entropy","underpowered_bin","1 / 19 bins have < 30 seqs (worst = 8).","D614G",44,11,"V",19,0,NA,NA,NA,NA,NA,NA,5.00283932685852
"GISAID_US","Eta","sliding_2m","hellinger_T1","underpowered_bin","1 / 19 bins have < 30 seqs (worst = 8).","D614G",44,11,"V",19,0,NA,NA,NA,NA,NA,NA,5.00283932685852
"GISAID_US","Eta","sliding_2m","hellinger_Tpred","underpowered_bin","1 / 19 bins have < 30 seqs (worst = 8).","D614G",44,11,"V",19,0,NA,NA,NA,NA,NA,NA,5.00283932685852
"GISAID_US","Gamma","cumulative_1m","entropy","ok",NA,"Alpha",44,7,"V",20,16,2,0.45515626524186,"ok",3,4,4,7723.58933544159
"GISAID_US","Gamma","cumulative_1m","hellinger_T1","ok",NA,"Alpha",44,7,"V",20,16,4,0.574953512080971,"ok",3,4,4,7723.58933544159
"GISAID_US","Gamma","cumulative_1m","hellinger_Tpred","ok",NA,"Alpha",44,7,"V",20,16,4,0.589316004328673,"ok",3,4,4,7723.58933544159
"GISAID_US","Gamma","disjoint_2m","entropy","ok",NA,"Alpha",44,7,"V",10,6,5,0.401847239097204,"ok",3,6,6,4065.14653491974
"GISAID_US","Gamma","disjoint_2m","hellinger_T1","ok",NA,"Alpha",44,7,"V",10,6,2,0.667709998494719,"ok",3,5,5,4065.14653491974
"GISAID_US","Gamma","disjoint_2m","hellinger_Tpred","ok",NA,"Alpha",44,7,"V",10,6,2,0.671721689223066,"ok",3,5,5,4065.14653491974
"GISAID_US","Gamma","sliding_2m","entropy","ok",NA,"Alpha",44,7,"V",19,15,4,0.370512037105984,"ok",4,4,4,27633.5077614784
"GISAID_US","Gamma","sliding_2m","hellinger_T1","ok",NA,"Alpha",44,7,"V",19,15,2,0.65627483738923,"ok",9,3,4,27633.5077614784
"GISAID_US","Gamma","sliding_2m","hellinger_Tpred","ok",NA,"Alpha",44,7,"V",19,15,2,0.661918250172495,"ok",9,3,4,27633.5077614784
"GISAID_US","Iota","cumulative_1m","entropy","underpowered_bin","2 / 20 bins have < 30 seqs (worst = 2).","D614G",44,11,"V",20,0,NA,NA,NA,NA,NA,NA,6.26458549499512
"GISAID_US","Iota","cumulative_1m","hellinger_T1","underpowered_bin","2 / 20 bins have < 30 seqs (worst = 2).","D614G",44,11,"V",20,0,NA,NA,NA,NA,NA,NA,6.26458549499512
"GISAID_US","Iota","cumulative_1m","hellinger_Tpred","underpowered_bin","2 / 20 bins have < 30 seqs (worst = 2).","D614G",44,11,"V",20,0,NA,NA,NA,NA,NA,NA,6.26458549499512
"GISAID_US","Iota","disjoint_2m","entropy","underpowered_bin","1 / 10 bins have < 30 seqs (worst = 8).","D614G",44,11,"V",10,0,NA,NA,NA,NA,NA,NA,4.1668221950531
"GISAID_US","Iota","disjoint_2m","hellinger_T1","underpowered_bin","1 / 10 bins have < 30 seqs (worst = 8).","D614G",44,11,"V",10,0,NA,NA,NA,NA,NA,NA,4.1668221950531
"GISAID_US","Iota","disjoint_2m","hellinger_Tpred","underpowered_bin","1 / 10 bins have < 30 seqs (worst = 8).","D614G",44,11,"V",10,0,NA,NA,NA,NA,NA,NA,4.1668221950531
"GISAID_US","Iota","sliding_2m","entropy","underpowered_bin","1 / 19 bins have < 30 seqs (worst = 8).","D614G",44,11,"V",19,0,NA,NA,NA,NA,NA,NA,4.88840460777283
"GISAID_US","Iota","sliding_2m","hellinger_T1","underpowered_bin","1 / 19 bins have < 30 seqs (worst = 8).","D614G",44,11,"V",19,0,NA,NA,NA,NA,NA,NA,4.88840460777283
"GISAID_US","Iota","sliding_2m","hellinger_Tpred","underpowered_bin","1 / 19 bins have < 30 seqs (worst = 8).","D614G",44,11,"V",19,0,NA,NA,NA,NA,NA,NA,4.88840460777283
"GISAID_US","Kappa","cumulative_1m","entropy","ok",NA,"Alpha",45,7,"V",20,16,5,0.442223128533907,"ok",3,3,3,11720.5084102154
"GISAID_US","Kappa","cumulative_1m","hellinger_T1","ok",NA,"Alpha",45,7,"V",20,16,4,0.567375149447099,"ok",3,3,3,11720.5084102154
"GISAID_US","Kappa","cumulative_1m","hellinger_Tpred","ok",NA,"Alpha",45,7,"V",20,16,3,0.626529852832154,"ok",3,3,3,11720.5084102154
"GISAID_US","Kappa","disjoint_2m","entropy","ok",NA,"Alpha",45,7,"V",10,6,5,0.377877230403812,"ok",3,3,NA,3993.44051551819
"GISAID_US","Kappa","disjoint_2m","hellinger_T1","ok",NA,"Alpha",45,7,"V",10,6,2,0.708828429203477,"ok",3,3,7,3993.44051551819
"GISAID_US","Kappa","disjoint_2m","hellinger_Tpred","ok",NA,"Alpha",45,7,"V",10,6,2,0.696929467746608,"ok",3,3,5,3993.44051551819
"GISAID_US","Kappa","sliding_2m","entropy","ok",NA,"Alpha",45,7,"V",19,15,5,0.369063445310889,"ok",3,3,3,21497.2779026031
"GISAID_US","Kappa","sliding_2m","hellinger_T1","ok",NA,"Alpha",45,7,"V",19,15,2,0.661737807396371,"ok",3,3,3,21497.2779026031
"GISAID_US","Kappa","sliding_2m","hellinger_Tpred","ok",NA,"Alpha",45,7,"V",19,15,2,0.698916319257015,"ok",3,3,3,21497.2779026031
"GISAID_US","Lambda","cumulative_1m","entropy","ok",NA,"Alpha",45,7,"V",20,16,5,0.442223128533907,"ok",NA,3,3,11772.1150672436
"GISAID_US","Lambda","cumulative_1m","hellinger_T1","ok",NA,"Alpha",45,7,"V",20,16,4,0.567375149447099,"ok",NA,3,3,11772.1150672436
"GISAID_US","Lambda","cumulative_1m","hellinger_Tpred","ok",NA,"Alpha",45,7,"V",20,16,3,0.626529852832154,"ok",NA,3,3,11772.1150672436
"GISAID_US","Lambda","disjoint_2m","entropy","ok",NA,"Alpha",45,7,"V",10,6,5,0.377877230403812,"ok",NA,3,NA,3881.95656251907
"GISAID_US","Lambda","disjoint_2m","hellinger_T1","ok",NA,"Alpha",45,7,"V",10,6,2,0.708828429203477,"ok",NA,3,7,3881.95656251907
"GISAID_US","Lambda","disjoint_2m","hellinger_Tpred","ok",NA,"Alpha",45,7,"V",10,6,2,0.696929467746608,"ok",NA,3,5,3881.95656251907
"GISAID_US","Lambda","sliding_2m","entropy","ok",NA,"Alpha",45,7,"V",19,15,5,0.369063445310889,"ok",NA,3,3,21499.2992498875
"GISAID_US","Lambda","sliding_2m","hellinger_T1","ok",NA,"Alpha",45,7,"V",19,15,2,0.661737807396371,"ok",NA,3,3,21499.2992498875
"GISAID_US","Lambda","sliding_2m","hellinger_Tpred","ok",NA,"Alpha",45,7,"V",19,15,2,0.698916319257015,"ok",NA,3,3,21499.2992498875
"GISAID_US","Omicron","cumulative_1m","entropy","ok",NA,"Delta",49,12,"V",20,16,2,0.62235108140955,"ok",3,3,3,9171.5360853672
"GISAID_US","Omicron","cumulative_1m","hellinger_T1","ok",NA,"Delta",49,12,"V",20,16,2,0.740001439792015,"ok",3,3,3,9171.5360853672
"GISAID_US","Omicron","cumulative_1m","hellinger_Tpred","ok",NA,"Delta",49,12,"V",20,16,2,0.777075525654367,"ok",3,3,3,9171.5360853672
"GISAID_US","Omicron","disjoint_2m","entropy","ok",NA,"Delta",49,12,"V",10,6,4,0.300782466369532,"ok",7,7,7,5513.71229696274
"GISAID_US","Omicron","disjoint_2m","hellinger_T1","ok",NA,"Delta",49,12,"V",10,6,4,0.633425269231273,"ok",NA,NA,NA,5513.71229696274
"GISAID_US","Omicron","disjoint_2m","hellinger_Tpred","ok",NA,"Delta",49,12,"V",10,6,4,0.633425269231273,"ok",NA,NA,NA,5513.71229696274
"GISAID_US","Omicron","sliding_2m","entropy","ok",NA,"Delta",49,12,"V",19,15,4,0.348789732836118,"ok",4,4,4,15542.7750952244
"GISAID_US","Omicron","sliding_2m","hellinger_T1","ok",NA,"Delta",49,12,"V",19,15,4,0.613622991401154,"ok",NA,NA,NA,15542.7750952244
"GISAID_US","Omicron","sliding_2m","hellinger_Tpred","ok",NA,"Delta",49,12,"V",19,15,4,0.613622991401154,"ok",NA,NA,NA,15542.7750952244
"GISAID_US","Theta","cumulative_1m","entropy","ok",NA,"Alpha",44,7,"V",20,16,2,0.45515626524186,"ok",NA,3,4,7791.98836278915
"GISAID_US","Theta","cumulative_1m","hellinger_T1","ok",NA,"Alpha",44,7,"V",20,16,4,0.574953512080971,"ok",NA,3,4,7791.98836278915
"GISAID_US","Theta","cumulative_1m","hellinger_Tpred","ok",NA,"Alpha",44,7,"V",20,16,4,0.589316004328673,"ok",NA,3,4,7791.98836278915
"GISAID_US","Theta","disjoint_2m","entropy","ok",NA,"Alpha",44,7,"V",10,6,5,0.401847239097204,"ok",NA,4,6,4117.48967885971
"GISAID_US","Theta","disjoint_2m","hellinger_T1","ok",NA,"Alpha",44,7,"V",10,6,2,0.667709998494719,"ok",NA,3,5,4117.48967885971
"GISAID_US","Theta","disjoint_2m","hellinger_Tpred","ok",NA,"Alpha",44,7,"V",10,6,2,0.671721689223066,"ok",NA,5,5,4117.48967885971
"GISAID_US","Theta","sliding_2m","entropy","ok",NA,"Alpha",44,7,"V",19,15,4,0.370512037105984,"ok",NA,4,4,29242.0989904404
"GISAID_US","Theta","sliding_2m","hellinger_T1","ok",NA,"Alpha",44,7,"V",19,15,2,0.65627483738923,"ok",NA,3,4,29242.0989904404
"GISAID_US","Theta","sliding_2m","hellinger_Tpred","ok",NA,"Alpha",44,7,"V",19,15,2,0.661918250172495,"ok",NA,3,4,29242.0989904404
"GISAID_US","Zeta","cumulative_1m","entropy","underpowered_bin","2 / 19 bins have < 30 seqs (worst = 2).","D614G",40,15,"V",19,0,NA,NA,NA,NA,NA,NA,4.70109033584595
"GISAID_US","Zeta","cumulative_1m","hellinger_T1","underpowered_bin","2 / 19 bins have < 30 seqs (worst = 2).","D614G",40,15,"V",19,0,NA,NA,NA,NA,NA,NA,4.70109033584595
"GISAID_US","Zeta","cumulative_1m","hellinger_Tpred","underpowered_bin","2 / 19 bins have < 30 seqs (worst = 2).","D614G",40,15,"V",19,0,NA,NA,NA,NA,NA,NA,4.70109033584595
"GISAID_US","Zeta","disjoint_2m","entropy","underpowered_bin","1 / 9 bins have < 30 seqs (worst = 8).","D614G",40,15,"V",9,0,NA,NA,NA,NA,NA,NA,3.35949206352234
"GISAID_US","Zeta","disjoint_2m","hellinger_T1","underpowered_bin","1 / 9 bins have < 30 seqs (worst = 8).","D614G",40,15,"V",9,0,NA,NA,NA,NA,NA,NA,3.35949206352234
"GISAID_US","Zeta","disjoint_2m","hellinger_Tpred","underpowered_bin","1 / 9 bins have < 30 seqs (worst = 8).","D614G",40,15,"V",9,0,NA,NA,NA,NA,NA,NA,3.35949206352234
"GISAID_US","Zeta","sliding_2m","entropy","underpowered_bin","1 / 18 bins have < 30 seqs (worst = 8).","D614G",40,15,"V",18,0,NA,NA,NA,NA,NA,NA,4.15477919578552
"GISAID_US","Zeta","sliding_2m","hellinger_T1","underpowered_bin","1 / 18 bins have < 30 seqs (worst = 8).","D614G",40,15,"V",18,0,NA,NA,NA,NA,NA,NA,4.15477919578552
"GISAID_US","Zeta","sliding_2m","hellinger_Tpred","underpowered_bin","1 / 18 bins have < 30 seqs (worst = 8).","D614G",40,15,"V",18,0,NA,NA,NA,NA,NA,NA,4.15477919578552
"NCBI_US","Alpha","cumulative_1m","entropy","ok",NA,"D614G",25,13,"V",20,16,2,0.747607891330699,"ok",3,NA,NA,3315.74186658859
"NCBI_US","Alpha","cumulative_1m","hellinger_T1","ok",NA,"D614G",25,13,"V",20,16,2,0.864603982921576,"ok",3,15,15,3315.74186658859
"NCBI_US","Alpha","cumulative_1m","hellinger_Tpred","ok",NA,"D614G",25,13,"V",20,16,2,0.664201791824873,"ok",3,3,NA,3315.74186658859
"NCBI_US","Alpha","disjoint_2m","entropy","ok",NA,"D614G",25,13,"V",10,6,2,0.558862733958714,"ok",3,NA,NA,6076.64767622948
"NCBI_US","Alpha","disjoint_2m","hellinger_T1","ok",NA,"D614G",25,13,"V",10,6,3,0.66279406493783,"ok",3,NA,NA,6076.64767622948
"NCBI_US","Alpha","disjoint_2m","hellinger_Tpred","ok",NA,"D614G",25,13,"V",10,6,2,0.689889771617633,"ok",3,3,NA,6076.64767622948
"NCBI_US","Alpha","sliding_2m","entropy","ok",NA,"D614G",25,13,"V",19,15,6,0.485864383979808,"ok",3,3,3,9738.27766036987
"NCBI_US","Alpha","sliding_2m","hellinger_T1","ok",NA,"D614G",25,13,"V",19,15,3,0.614245492030804,"ok",3,3,3,9738.27766036987
"NCBI_US","Alpha","sliding_2m","hellinger_Tpred","ok",NA,"D614G",25,13,"V",19,15,3,0.613842349768637,"ok",3,4,4,9738.27766036987
"NCBI_US","Beta","cumulative_1m","entropy","ok",NA,"Alpha",25,13,"V",19,15,2,0.742603863687498,"ok",9,3,NA,7852.97528743744
"NCBI_US","Beta","cumulative_1m","hellinger_T1","ok",NA,"Alpha",25,13,"V",19,15,2,0.566677902552045,"ok",9,3,NA,7852.97528743744
"NCBI_US","Beta","cumulative_1m","hellinger_Tpred","ok",NA,"Alpha",25,13,"V",19,15,2,0.550281864591658,"ok",9,3,NA,7852.97528743744
"NCBI_US","Beta","disjoint_2m","entropy","ok",NA,"Alpha",25,13,"V",9,5,2,0.512469938489529,"ok",5,3,NA,5876.74247670174
"NCBI_US","Beta","disjoint_2m","hellinger_T1","ok",NA,"Alpha",25,13,"V",9,5,6,0.52209239283755,"ok",NA,3,NA,5876.74247670174
"NCBI_US","Beta","disjoint_2m","hellinger_Tpred","ok",NA,"Alpha",25,13,"V",9,5,3,0.601314608723632,"ok",NA,3,NA,5876.74247670174
"NCBI_US","Beta","sliding_2m","entropy","ok",NA,"Alpha",25,13,"V",18,14,6,0.486330831699591,"ok",4,4,3,4913.4808280468
"NCBI_US","Beta","sliding_2m","hellinger_T1","ok",NA,"Alpha",25,13,"V",18,14,3,0.614270303284373,"ok",4,3,3,4913.4808280468
"NCBI_US","Beta","sliding_2m","hellinger_Tpred","ok",NA,"Alpha",25,13,"V",18,14,3,0.631894908991827,"ok",6,5,6,4913.4808280468
"NCBI_US","Delta","cumulative_1m","entropy","ok",NA,"Beta",24,13,"V",17,13,3,0.551675924639974,"ok",3,NA,NA,2720.00721335411
"NCBI_US","Delta","cumulative_1m","hellinger_T1","ok",NA,"Beta",24,13,"V",17,13,3,0.505081218479484,"ok",3,3,NA,2720.00721335411
"NCBI_US","Delta","cumulative_1m","hellinger_Tpred","ok",NA,"Beta",24,13,"V",17,13,2,0.536540906988478,"ok",3,3,NA,2720.00721335411
"NCBI_US","Delta","disjoint_2m","entropy","ok",NA,"Beta",24,13,"V",8,4,5,0.507258979346705,"ok",3,NA,NA,1269.66607499123
"NCBI_US","Delta","disjoint_2m","hellinger_T1","ok",NA,"Beta",24,13,"V",8,4,4,0.572286878362252,"ok",3,NA,NA,1269.66607499123
"NCBI_US","Delta","disjoint_2m","hellinger_Tpred","ok",NA,"Beta",24,13,"V",8,4,3,0.684961586387566,"ok",3,NA,NA,1269.66607499123
"NCBI_US","Delta","sliding_2m","entropy","ok",NA,"Beta",24,13,"V",16,12,5,0.510223863837788,"ok",3,4,4,3867.87155938148
"NCBI_US","Delta","sliding_2m","hellinger_T1","ok",NA,"Beta",24,13,"V",16,12,2,0.659926010515021,"ok",3,4,4,3867.87155938148
"NCBI_US","Delta","sliding_2m","hellinger_Tpred","ok",NA,"Beta",24,13,"V",16,12,3,0.668910435409453,"ok",3,4,4,3867.87155938148
"NCBI_US","Epsilon","cumulative_1m","entropy","underpowered_bin","1 / 16 bins have < 30 seqs (worst = 25).","D614G",26,12,"V",16,0,NA,NA,NA,NA,NA,NA,11.3182165622711
"NCBI_US","Epsilon","cumulative_1m","hellinger_T1","underpowered_bin","1 / 16 bins have < 30 seqs (worst = 25).","D614G",26,12,"V",16,0,NA,NA,NA,NA,NA,NA,11.3182165622711
"NCBI_US","Epsilon","cumulative_1m","hellinger_Tpred","underpowered_bin","1 / 16 bins have < 30 seqs (worst = 25).","D614G",26,12,"V",16,0,NA,NA,NA,NA,NA,NA,11.3182165622711
"NCBI_US","Epsilon","disjoint_2m","entropy","ok",NA,"D614G",26,12,"V",8,4,2,0.630290552770247,"ok",NA,3,NA,1335.50932383537
"NCBI_US","Epsilon","disjoint_2m","hellinger_T1","ok",NA,"D614G",26,12,"V",8,4,2,0.841029240729984,"ok",NA,3,NA,1335.50932383537
"NCBI_US","Epsilon","disjoint_2m","hellinger_Tpred","ok",NA,"D614G",26,12,"V",8,4,2,0.730270065671317,"ok",NA,3,NA,1335.50932383537
"NCBI_US","Epsilon","sliding_2m","entropy","ok",NA,"D614G",26,12,"V",15,11,2,0.634226801532213,"ok",NA,3,6,4764.12094831467
"NCBI_US","Epsilon","sliding_2m","hellinger_T1","ok",NA,"D614G",26,12,"V",15,11,2,0.847020452369558,"ok",NA,3,4,4764.12094831467
"NCBI_US","Epsilon","sliding_2m","hellinger_Tpred","ok",NA,"D614G",26,12,"V",15,11,2,0.718079161619603,"ok",NA,3,4,4764.12094831467
"NCBI_US","Eta","cumulative_1m","entropy","underpowered_bin","1 / 20 bins have < 30 seqs (worst = 25).","D614G",25,13,"V",20,0,NA,NA,NA,NA,NA,NA,16.2340552806854
"NCBI_US","Eta","cumulative_1m","hellinger_T1","underpowered_bin","1 / 20 bins have < 30 seqs (worst = 25).","D614G",25,13,"V",20,0,NA,NA,NA,NA,NA,NA,16.2340552806854
"NCBI_US","Eta","cumulative_1m","hellinger_Tpred","underpowered_bin","1 / 20 bins have < 30 seqs (worst = 25).","D614G",25,13,"V",20,0,NA,NA,NA,NA,NA,NA,16.2340552806854
"NCBI_US","Eta","disjoint_2m","entropy","ok",NA,"D614G",25,13,"V",10,6,2,0.533445965437157,"ok",3,3,NA,1364.87258338928
"NCBI_US","Eta","disjoint_2m","hellinger_T1","ok",NA,"D614G",25,13,"V",10,6,2,0.730237718465612,"ok",3,NA,NA,1364.87258338928
"NCBI_US","Eta","disjoint_2m","hellinger_Tpred","ok",NA,"D614G",25,13,"V",10,6,3,0.53634277989543,"ok",3,NA,NA,1364.87258338928
"NCBI_US","Eta","sliding_2m","entropy","ok",NA,"D614G",25,13,"V",19,15,2,0.562404786323259,"ok",3,3,4,5373.07796049118
"NCBI_US","Eta","sliding_2m","hellinger_T1","ok",NA,"D614G",25,13,"V",19,15,2,0.744316750155839,"ok",3,4,4,5373.07796049118
"NCBI_US","Eta","sliding_2m","hellinger_Tpred","ok",NA,"D614G",25,13,"V",19,15,6,0.514930153907148,"ok",3,4,8,5373.07796049118
"NCBI_US","Gamma","cumulative_1m","entropy","ok",NA,"Alpha",25,13,"V",19,15,2,0.742603863687498,"ok",7,NA,NA,3385.19258928299
"NCBI_US","Gamma","cumulative_1m","hellinger_T1","ok",NA,"Alpha",25,13,"V",19,15,2,0.566677902552045,"ok",7,3,NA,3385.19258928299
"NCBI_US","Gamma","cumulative_1m","hellinger_Tpred","ok",NA,"Alpha",25,13,"V",19,15,2,0.550281864591658,"ok",7,3,NA,3385.19258928299
"NCBI_US","Gamma","disjoint_2m","entropy","ok",NA,"Alpha",25,13,"V",9,5,2,0.512469938489529,"ok",3,NA,NA,1402.95408797264
"NCBI_US","Gamma","disjoint_2m","hellinger_T1","ok",NA,"Alpha",25,13,"V",9,5,6,0.52209239283755,"ok",3,NA,NA,1402.95408797264
"NCBI_US","Gamma","disjoint_2m","hellinger_Tpred","ok",NA,"Alpha",25,13,"V",9,5,3,0.601314608723632,"ok",3,NA,NA,1402.95408797264
"NCBI_US","Gamma","sliding_2m","entropy","ok",NA,"Alpha",25,13,"V",18,14,6,0.486330831699591,"ok",3,3,3,7780.44510173798
"NCBI_US","Gamma","sliding_2m","hellinger_T1","ok",NA,"Alpha",25,13,"V",18,14,3,0.614270303284373,"ok",3,3,3,7780.44510173798
"NCBI_US","Gamma","sliding_2m","hellinger_Tpred","ok",NA,"Alpha",25,13,"V",18,14,3,0.631894908991827,"ok",3,3,6,7780.44510173798
"NCBI_US","Iota","cumulative_1m","entropy","underpowered_bin","1 / 20 bins have < 30 seqs (worst = 25).","D614G",25,13,"V",20,0,NA,NA,NA,NA,NA,NA,16.1996281147003
"NCBI_US","Iota","cumulative_1m","hellinger_T1","underpowered_bin","1 / 20 bins have < 30 seqs (worst = 25).","D614G",25,13,"V",20,0,NA,NA,NA,NA,NA,NA,16.1996281147003
"NCBI_US","Iota","cumulative_1m","hellinger_Tpred","underpowered_bin","1 / 20 bins have < 30 seqs (worst = 25).","D614G",25,13,"V",20,0,NA,NA,NA,NA,NA,NA,16.1996281147003
"NCBI_US","Iota","disjoint_2m","entropy","ok",NA,"D614G",25,13,"V",10,6,2,0.533445965437157,"ok",NA,NA,NA,1424.53586173058
"NCBI_US","Iota","disjoint_2m","hellinger_T1","ok",NA,"D614G",25,13,"V",10,6,2,0.730237718465612,"ok",NA,NA,NA,1424.53586173058
"NCBI_US","Iota","disjoint_2m","hellinger_Tpred","ok",NA,"D614G",25,13,"V",10,6,3,0.53634277989543,"ok",NA,NA,NA,1424.53586173058
"NCBI_US","Iota","sliding_2m","entropy","ok",NA,"D614G",25,13,"V",19,15,2,0.562404786323259,"ok",NA,4,4,7811.71629691124
"NCBI_US","Iota","sliding_2m","hellinger_T1","ok",NA,"D614G",25,13,"V",19,15,2,0.744316750155839,"ok",NA,4,4,7811.71629691124
"NCBI_US","Iota","sliding_2m","hellinger_Tpred","ok",NA,"D614G",25,13,"V",19,15,6,0.514930153907148,"ok",NA,8,8,7811.71629691124
"NCBI_US","Kappa","cumulative_1m","entropy","ok",NA,"Alpha",24,13,"V",18,14,4,0.566930114036744,"ok",3,NA,NA,5797.66419816017
"NCBI_US","Kappa","cumulative_1m","hellinger_T1","ok",NA,"Alpha",24,13,"V",18,14,3,0.528030370460351,"ok",3,3,NA,5797.66419816017
"NCBI_US","Kappa","cumulative_1m","hellinger_Tpred","ok",NA,"Alpha",24,13,"V",18,14,2,0.554431292506625,"ok",3,3,NA,5797.66419816017
"NCBI_US","Kappa","disjoint_2m","entropy","ok",NA,"Alpha",24,13,"V",9,5,6,0.503336006498354,"ok",NA,NA,NA,1388.03966522217
"NCBI_US","Kappa","disjoint_2m","hellinger_T1","ok",NA,"Alpha",24,13,"V",9,5,2,0.717293598168605,"ok",3,3,NA,1388.03966522217
"NCBI_US","Kappa","disjoint_2m","hellinger_Tpred","ok",NA,"Alpha",24,13,"V",9,5,3,0.660253745317672,"ok",3,3,NA,1388.03966522217
"NCBI_US","Kappa","sliding_2m","entropy","ok",NA,"Alpha",24,13,"V",17,13,5,0.507280029459391,"ok",3,3,3,7028.19649267197
"NCBI_US","Kappa","sliding_2m","hellinger_T1","ok",NA,"Alpha",24,13,"V",17,13,2,0.662462336060319,"ok",3,4,5,7028.19649267197
"NCBI_US","Kappa","sliding_2m","hellinger_Tpred","ok",NA,"Alpha",24,13,"V",17,13,2,0.625586499419546,"ok",4,3,5,7028.19649267197
"NCBI_US","Lambda","cumulative_1m","entropy","ok",NA,"Alpha",24,13,"V",18,14,4,0.566930114036744,"ok",NA,3,NA,5722.62288999557
"NCBI_US","Lambda","cumulative_1m","hellinger_T1","ok",NA,"Alpha",24,13,"V",18,14,3,0.528030370460351,"ok",NA,3,NA,5722.62288999557
"NCBI_US","Lambda","cumulative_1m","hellinger_Tpred","ok",NA,"Alpha",24,13,"V",18,14,2,0.554431292506625,"ok",NA,3,NA,5722.62288999557
"NCBI_US","Lambda","disjoint_2m","entropy","ok",NA,"Alpha",24,13,"V",9,5,6,0.503336006498354,"ok",NA,4,NA,3947.69009852409
"NCBI_US","Lambda","disjoint_2m","hellinger_T1","ok",NA,"Alpha",24,13,"V",9,5,2,0.717293598168605,"ok",NA,3,NA,3947.69009852409
"NCBI_US","Lambda","disjoint_2m","hellinger_Tpred","ok",NA,"Alpha",24,13,"V",9,5,3,0.660253745317672,"ok",NA,3,NA,3947.69009852409
"NCBI_US","Lambda","sliding_2m","entropy","ok",NA,"Alpha",24,13,"V",17,13,5,0.507280029459391,"ok",NA,4,3,6855.26527237892
"NCBI_US","Lambda","sliding_2m","hellinger_T1","ok",NA,"Alpha",24,13,"V",17,13,2,0.662462336060319,"ok",NA,3,5,6855.26527237892
"NCBI_US","Lambda","sliding_2m","hellinger_Tpred","ok",NA,"Alpha",24,13,"V",17,13,2,0.625586499419546,"ok",NA,4,5,6855.26527237892
"NCBI_US","Omicron","cumulative_1m","entropy","out_of_coverage","Detection 2021-12-01 outside dataset coverage [2020-01-01, 2021-10-01).","Delta",NA,NA,NA,NA,0,NA,NA,NA,NA,NA,NA,0.0274391174316406
"NCBI_US","Omicron","cumulative_1m","hellinger_T1","out_of_coverage","Detection 2021-12-01 outside dataset coverage [2020-01-01, 2021-10-01).","Delta",NA,NA,NA,NA,0,NA,NA,NA,NA,NA,NA,0.0274391174316406
"NCBI_US","Omicron","cumulative_1m","hellinger_Tpred","out_of_coverage","Detection 2021-12-01 outside dataset coverage [2020-01-01, 2021-10-01).","Delta",NA,NA,NA,NA,0,NA,NA,NA,NA,NA,NA,0.0274391174316406
"NCBI_US","Omicron","disjoint_2m","entropy","out_of_coverage","Detection 2021-12-01 outside dataset coverage [2020-01-01, 2021-10-01).","Delta",NA,NA,NA,NA,0,NA,NA,NA,NA,NA,NA,0.0264878273010254
"NCBI_US","Omicron","disjoint_2m","hellinger_T1","out_of_coverage","Detection 2021-12-01 outside dataset coverage [2020-01-01, 2021-10-01).","Delta",NA,NA,NA,NA,0,NA,NA,NA,NA,NA,NA,0.0264878273010254
"NCBI_US","Omicron","disjoint_2m","hellinger_Tpred","out_of_coverage","Detection 2021-12-01 outside dataset coverage [2020-01-01, 2021-10-01).","Delta",NA,NA,NA,NA,0,NA,NA,NA,NA,NA,NA,0.0264878273010254
"NCBI_US","Omicron","sliding_2m","entropy","out_of_coverage","Detection 2021-12-01 outside dataset coverage [2020-01-01, 2021-10-01).","Delta",NA,NA,NA,NA,0,NA,NA,NA,NA,NA,NA,0.0270071029663086
"NCBI_US","Omicron","sliding_2m","hellinger_T1","out_of_coverage","Detection 2021-12-01 outside dataset coverage [2020-01-01, 2021-10-01).","Delta",NA,NA,NA,NA,0,NA,NA,NA,NA,NA,NA,0.0270071029663086
"NCBI_US","Omicron","sliding_2m","hellinger_Tpred","out_of_coverage","Detection 2021-12-01 outside dataset coverage [2020-01-01, 2021-10-01).","Delta",NA,NA,NA,NA,0,NA,NA,NA,NA,NA,NA,0.0270071029663086
"NCBI_US","Theta","cumulative_1m","entropy","ok",NA,"Alpha",25,13,"V",19,15,2,0.742603863687498,"ok",NA,NA,NA,5852.0815346241
"NCBI_US","Theta","cumulative_1m","hellinger_T1","ok",NA,"Alpha",25,13,"V",19,15,2,0.566677902552045,"ok",NA,3,NA,5852.0815346241
"NCBI_US","Theta","cumulative_1m","hellinger_Tpred","ok",NA,"Alpha",25,13,"V",19,15,2,0.550281864591658,"ok",NA,3,NA,5852.0815346241
"NCBI_US","Theta","disjoint_2m","entropy","ok",NA,"Alpha",25,13,"V",9,5,2,0.512469938489529,"ok",NA,NA,NA,3982.44326877594
"NCBI_US","Theta","disjoint_2m","hellinger_T1","ok",NA,"Alpha",25,13,"V",9,5,6,0.52209239283755,"ok",NA,NA,NA,3982.44326877594
"NCBI_US","Theta","disjoint_2m","hellinger_Tpred","ok",NA,"Alpha",25,13,"V",9,5,3,0.601314608723632,"ok",NA,NA,NA,3982.44326877594
"NCBI_US","Theta","sliding_2m","entropy","ok",NA,"Alpha",25,13,"V",18,14,6,0.486330831699591,"ok",NA,3,3,5214.83650875092
"NCBI_US","Theta","sliding_2m","hellinger_T1","ok",NA,"Alpha",25,13,"V",18,14,3,0.614270303284373,"ok",NA,3,3,5214.83650875092
"NCBI_US","Theta","sliding_2m","hellinger_Tpred","ok",NA,"Alpha",25,13,"V",18,14,3,0.631894908991827,"ok",NA,4,6,5214.83650875092
"NCBI_US","Zeta","cumulative_1m","entropy","underpowered_bin","1 / 19 bins have < 30 seqs (worst = 25).","D614G",25,13,"V",19,0,NA,NA,NA,NA,NA,NA,15.7572751045227
"NCBI_US","Zeta","cumulative_1m","hellinger_T1","underpowered_bin","1 / 19 bins have < 30 seqs (worst = 25).","D614G",25,13,"V",19,0,NA,NA,NA,NA,NA,NA,15.7572751045227
"NCBI_US","Zeta","cumulative_1m","hellinger_Tpred","underpowered_bin","1 / 19 bins have < 30 seqs (worst = 25).","D614G",25,13,"V",19,0,NA,NA,NA,NA,NA,NA,15.7572751045227
"NCBI_US","Zeta","disjoint_2m","entropy","ok",NA,"D614G",25,13,"V",9,5,2,0.6043524132668,"ok",NA,3,NA,1348.8296251297
"NCBI_US","Zeta","disjoint_2m","hellinger_T1","ok",NA,"D614G",25,13,"V",9,5,2,0.791372522229436,"ok",NA,3,NA,1348.8296251297
"NCBI_US","Zeta","disjoint_2m","hellinger_Tpred","ok",NA,"D614G",25,13,"V",9,5,2,0.646490487306242,"ok",NA,3,NA,1348.8296251297
"NCBI_US","Zeta","sliding_2m","entropy","ok",NA,"D614G",25,13,"V",18,14,2,0.598474711162853,"ok",NA,3,4,4754.73165726662
"NCBI_US","Zeta","sliding_2m","hellinger_T1","ok",NA,"D614G",25,13,"V",18,14,2,0.773250170350172,"ok",NA,3,4,4754.73165726662
"NCBI_US","Zeta","sliding_2m","hellinger_Tpred","ok",NA,"D614G",25,13,"V",18,14,2,0.569726995515713,"ok",NA,3,NA,4754.73165726662
